ticker,entry_date,entry_price,exit_date,exit_price,pnl,pnl_pct,is_whipsaw
KRW-BTC,2017-10-05,4980918.0,2017-10-05,4923537.0,-0.0031270980834960938,-1.1520147323608398,1.0
KRW-ETH,2017-10-10,352939.9375,2017-10-10,343828.0,-0.006676867604255676,-2.5817275047302246,1.0
KRW-XRP,2017-10-08,278.6716613769531,2017-10-12,285.85699462890625,0.006294906139373779,2.578425407409668,0.0
KRW-BTC,2017-10-09,5358633.0,2017-10-17,6453771.5,0.05075703561306,20.4368953704834,0.0
KRW-BTC,2017-10-27,6952351.0,2017-10-27,6706645.0,-0.009503036737442017,-3.534144163131714,1.0
KRW-ETH,2017-11-03,351465.0,2017-11-04,339830.0,-0.008707433938980103,-3.3104300498962402,0.0
KRW-XRP,2017-11-03,259.923828125,2017-11-04,226.88648986816406,-0.033064112067222595,-12.710391998291016,0.0
KRW-BTC,2017-10-29,6843448.0,2017-11-06,8055970.0,0.045780301094055176,17.717992782592773,0.0
KRW-ETH,2017-11-06,345292.3125,2017-11-07,338030.90625,-0.005598217248916626,-2.102971076965332,0.0
KRW-ETH,2017-11-08,351698.0,2017-11-10,340929.4375,-0.008032172918319702,-3.0618786811828613,0.0
KRW-XRP,2017-11-06,234.79795837402344,2017-11-10,232.8834991455078,-0.002250164747238159,-0.815361738204956,0.0
KRW-XRP,2017-11-13,244.23577880859375,2017-11-13,230.88449096679688,-0.014248102903366089,-5.466556549072266,1.0
KRW-ETH,2017-11-11,356967.71875,2017-11-16,365017.40625,0.0056438148021698,2.2550225257873535,0.0
KRW-ETH,2017-11-19,392111.5,2017-11-29,483758.0,0.059186577796936035,23.37256622314453,0.0
KRW-XRP,2017-11-22,269.1781005859375,2017-11-29,265.86700439453125,-0.0032486021518707275,-1.230078935623169,0.0
KRW-ETH,2017-11-29,578395.4375,2017-11-29,483758.0,-0.04482923448085785,-16.362064361572266,1.0
KRW-BTC,2017-11-19,8793074.0,2017-12-09,17760116.0,0.2586681842803955,101.97846984863281,0.0
KRW-BTC,2017-12-19,22918796.0,2017-12-21,22188900.0,-0.010385304689407349,-3.184705972671509,0.0
KRW-ETH,2017-12-12,639521.9375,2017-12-22,909445.0,0.13534748554229736,42.207000732421875,0.0
KRW-XRP,2017-12-12,301.66351318359375,2018-01-08,4002.997314453125,3.939112663269043,1226.9742431640625,0.0
KRW-BTC,2018-01-04,21890052.0,2018-01-09,24003992.0,0.034831464290618896,9.657085418701172,0.0
KRW-ETH,2018-01-03,1312329.125,2018-01-11,1664167.5,0.09702211618423462,26.81022834777832,0.0
KRW-XRP,2018-02-10,1122.7415771484375,2018-02-18,1224.387451171875,0.12323582172393799,9.053361892700195,0.0
KRW-ETH,2018-02-10,1054500.375,2018-02-21,1023488.0,-0.040939927101135254,-2.940952777862549,0.0
KRW-BTC,2018-02-10,10355648.0,2018-02-22,11757118.0,0.18455719947814941,13.533390045166016,0.0
KRW-BTC,2018-03-05,12901869.0,2018-03-06,12016988.0,-0.09913194179534912,-6.858551502227783,0.0
KRW-XRP,2018-03-05,1180.453857421875,2018-03-06,1009.4949951171875,-0.20852839946746826,-14.482468605041504,0.0
KRW-BTC,2018-03-19,9659443.0,2018-03-24,9575210.0,-0.012518882751464844,-0.8720278739929199,0.0
KRW-BTC,2018-04-09,7716847.0,2018-04-09,7446275.0,-0.04884481430053711,-3.506249189376831,1.0
KRW-XRP,2018-04-09,549.7075805664062,2018-04-10,530.7344970703125,-0.04685556888580322,-3.451484441757202,0.0
KRW-BTC,2018-04-18,8680071.0,2018-04-25,9824085.0,0.17361819744110107,13.179779052734375,0.0
KRW-ETH,2018-04-08,430174.15625,2018-04-25,681958.8125,0.7920750379562378,58.53086853027344,0.0
KRW-XRP,2018-04-15,702.0740356445312,2018-04-25,875.5619506835938,0.3260955810546875,24.710773468017578,0.0
KRW-BTC,2018-04-26,10257325.0,2018-04-27,9814090.0,-0.07704317569732666,-4.321157932281494,0.0
KRW-XRP,2018-04-29,956.987548828125,2018-04-30,909.5449829101562,-0.08695924282073975,-4.957490921020508,0.0
KRW-BTC,2018-04-29,10188554.0,2018-05-01,9891052.0,-0.05157613754272461,-2.9199600219726562,0.0
KRW-TRX,2018-04-15,44.61727523803711,2018-05-03,95.15239715576172,1.4970531463623047,113.26358032226562,0.0
KRW-BTC,2018-05-06,10961890.0,2018-05-07,10416789.0,-0.10296976566314697,-4.972690582275391,0.0
KRW-ETH,2018-04-28,724469.875,2018-05-07,838680.4375,0.2728971242904663,15.764713287353516,0.0
KRW-BTC,2018-06-02,8423547.0,2018-06-04,8243876.0,-0.043958067893981934,-2.1329641342163086,0.0
KRW-ETH,2018-06-02,647649.625,2018-06-07,656671.5,0.02704334259033203,1.3930201530456543,0.0
KRW-XRP,2018-06-02,695.1011352539062,2018-06-08,734.6325073242188,0.11351251602172852,5.687141418457031,0.0
KRW-ETH,2018-06-19,591713.0,2018-06-22,534432.625,-0.19821321964263916,-9.680432319641113,0.0
KRW-TRX,2018-06-19,53.09029769897461,2018-06-22,48.97549819946289,-0.15890121459960938,-7.7505645751953125,0.0
KRW-XRP,2018-07-03,563.7789306640625,2018-07-08,535.7319946289062,-0.09785079956054688,-4.9748125076293945,0.0
KRW-ETH,2018-07-02,512674.96875,2018-07-09,529335.1875,0.06230783462524414,3.249669075012207,0.0
KRW-BTC,2018-06-30,7214391.5,2018-07-10,7136430.0,-0.022017955780029297,-1.0806381702423096,0.0
KRW-TRX,2018-07-17,43.25681686401367,2018-07-20,39.68014907836914,-0.16073250770568848,-8.268451690673828,0.0
KRW-BTC,2018-07-17,7624149.0,2018-07-31,8795600.0,0.29592132568359375,15.365004539489746,0.0
KRW-XRP,2018-08-01,508.7855529785156,2018-08-02,497.7509765625,-0.04361152648925781,-2.168804407119751,0.0
KRW-XRP,2018-08-03,509.27032470703125,2018-08-04,493.75299072265625,-0.06052708625793457,-3.046971559524536,0.0
KRW-XRP,2018-08-21,382.34735107421875,2018-08-21,375.8119812011719,-0.035083770751953125,-1.7092764377593994,1.0
KRW-BTC,2018-08-21,7389032.0,2018-08-21,7371312.5,-0.006560564041137695,-0.2398073673248291,1.0
KRW-XRP,2018-08-22,387.06689453125,2018-08-22,364.8175048828125,-0.11279082298278809,-5.748200416564941,1.0
KRW-BTC,2018-08-22,7465632.0,2018-08-22,7285355.5,-0.04779314994812012,-2.4147510528564453,1.0
KRW-ETH,2018-08-28,326811.625,2018-08-31,315342.25,-0.06722164154052734,-3.5094738006591797,0.0
KRW-XRP,2018-09-01,383.3787841796875,2018-09-02,379.80999755859375,-0.018190503120422363,-0.9308755397796631,0.0
KRW-TRX,2018-08-24,24.304950714111328,2018-09-02,28.5856990814209,0.33167195320129395,17.612659454345703,0.0
KRW-XRP,2018-09-04,379.3085021972656,2018-09-04,371.8139953613281,-0.040886759757995605,-1.9758343696594238,1.0
KRW-BTC,2018-08-24,7551941.5,2018-09-05,7695150.5,0.03486740589141846,1.8963217735290527,0.0
KRW-ETH,2018-09-18,242126.421875,2018-09-18,238080.890625,-0.03448987007141113,-1.6708314418792725,1.0
KRW-TRX,2018-09-18,22.342357635498047,2018-09-18,21.98900032043457,-0.03260612487792969,-1.5815556049346924,1.0
KRW-ETH,2018-09-20,248689.390625,2018-09-24,257271.296875,0.06566357612609863,3.4508585929870605,0.0
KRW-XRP,2018-09-18,320.2822265625,2018-09-24,554.7224731445312,1.4123506546020508,73.1980209350586,0.0
KRW-TRX,2018-09-20,23.39059829711914,2018-09-24,24.987499237060547,0.13085269927978516,6.827104091644287,0.0
KRW-BTC,2018-09-21,7439956.5,2018-09-25,7295350.5,-0.038493990898132324,-1.9436419010162354,0.0
KRW-ETH,2018-09-29,257341.90625,2018-10-02,254422.71875,-0.027502059936523438,-1.1343598365783691,0.0
KRW-XRP,2018-09-29,627.178466796875,2018-10-02,584.7074584960938,-0.15840482711791992,-6.771755218505859,0.0
KRW-BTC,2018-10-08,7552519.5,2018-10-10,7468264.0,-0.02651810646057129,-1.1155962944030762,0.0
KRW-ETH,2018-10-08,260362.21875,2018-10-10,255622.125,-0.0425570011138916,-1.8205761909484863,0.0
KRW-TRX,2018-10-06,27.375015258789062,2018-10-10,28.685649871826172,0.10778379440307617,4.787707328796387,0.0
KRW-TRX,2018-10-14,27.734676361083984,2018-10-18,27.286348342895508,-0.038060665130615234,-1.6164898872375488,0.0
KRW-BTC,2018-10-21,7339896.0,2018-10-21,7307344.5,-0.01236104965209961,-0.44348835945129395,1.0
KRW-BTC,2018-10-24,7318336.5,2018-10-25,7268364.0,-0.016643285751342773,-0.6828367710113525,0.0
KRW-ETH,2018-10-28,229893.765625,2018-10-29,219890.0,-0.0997614860534668,-4.351472854614258,0.0
KRW-XRP,2018-11-02,521.377685546875,2018-11-08,558.720458984375,0.1594104766845703,7.162332534790039,0.0
KRW-XRP,2018-11-09,577.7548217773438,2018-11-09,568.7155151367188,-0.03796815872192383,-1.564556360244751,1.0
KRW-BTC,2018-12-18,4101057.25,2018-12-25,4240878.5,0.07630395889282227,3.409397602081299,0.0
KRW-TRX,2018-12-19,17.123140335083008,2018-12-25,22.188899993896484,0.6708364486694336,29.58428955078125,0.0
KRW-ETH,2018-12-18,112129.109375,2018-12-27,131684.125,0.3949868679046631,17.439735412597656,0.0
KRW-XRP,2018-12-18,390.3412780761719,2018-12-27,385.8069763183594,-0.027521371841430664,-1.1616230010986328,0.0
KRW-XRP,2018-12-31,421.06695556640625,2018-12-31,395.802001953125,-0.1554737091064453,-6.000220775604248,1.0
KRW-XRP,2019-01-02,414.6802978515625,2019-01-03,400.79949951171875,-0.0852670669555664,-3.347349166870117,0.0
KRW-ETH,2019-01-04,170617.0,2019-01-07,168465.71875,-0.03233456611633301,-1.2608826160430908,0.0
KRW-BTC,2019-01-02,4363103.5,2019-01-10,4084956.5,-0.1612544059753418,-6.374979019165039,0.0
KRW-TRX,2019-01-02,22.321922302246094,2019-01-11,28.085948944091797,0.6468296051025391,25.822269439697266,0.0
KRW-TRX,2019-01-17,28.64866828918457,2019-01-19,27.186399459838867,-0.1340312957763672,-5.104142189025879,0.0
KRW-TRX,2019-01-26,30.037002563476562,2019-01-28,29.785099029541016,-0.02280879020690918,-0.8386433124542236,0.0
KRW-TRX,2019-02-08,29.26143455505371,2019-02-09,28.685649871826172,-0.051666975021362305,-1.9677281379699707,0.0
KRW-BTC,2019-02-21,4380973.5,2019-02-24,4175911.0,-0.12051200866699219,-4.680752754211426,0.0
KRW-ETH,2019-02-12,135505.71875,2019-02-24,147926.0,0.23221731185913086,9.165870666503906,0.0
KRW-XRP,2019-02-19,366.904052734375,2019-02-24,331.833984375,-0.2447645664215088,-9.55837345123291,0.0
KRW-TRX,2019-02-19,27.667253494262695,2019-02-24,25.98699951171875,-0.15598034858703613,-6.073075294494629,0.0
KRW-XRP,2019-02-24,369.8692932128906,2019-02-24,331.833984375,-0.2568821907043457,-10.283446311950684,1.0
KRW-XRP,2019-02-25,355.16033935546875,2019-02-27,346.82647705078125,-0.05775141716003418,-2.3465096950531006,0.0
KRW-BTC,2019-02-28,4308824.0,2019-02-28,4237880.0,-0.041831254959106445,-1.6464829444885254,1.0
KRW-XRP,2019-03-01,354.7703552246094,2019-03-02,348.82550048828125,-0.04115176200866699,-1.6756892204284668,0.0
KRW-ETH,2019-03-08,153569.8125,2019-03-10,149725.09375,-0.0606231689453125,-2.5035619735717773,0.0
KRW-XRP,2019-03-09,349.16497802734375,2019-03-10,345.8269958496094,-0.023883342742919922,-0.9559929370880127,0.0
KRW-TRX,2019-03-11,25.696842193603516,2019-03-11,24.687650680541992,-0.09444618225097656,-3.9272964000701904,1.0
KRW-BTC,2019-03-08,4317747.0,2019-03-13,4322837.5,0.001611471176147461,0.11789798736572266,0.0
KRW-ETH,2019-03-16,155520.859375,2019-03-21,152073.921875,-0.05278134346008301,-2.2163808345794678,0.0
KRW-XRP,2019-03-18,352.8369445800781,2019-03-21,349.8249816894531,-0.021045207977294922,-0.8536398410797119,0.0
KRW-TRX,2019-03-20,25.709514617919922,2019-03-21,25.08745002746582,-0.05751371383666992,-2.419590950012207,0.0
KRW-BTC,2019-03-18,4472749.0,2019-03-25,4484756.5,0.0050868988037109375,0.2684593200683594,0.0
KRW-BTC,2019-04-01,4694691.0,2019-04-11,5857070.0,0.5673673152923584,24.759435653686523,0.0
KRW-ETH,2019-03-30,164994.46875,2019-04-11,191554.171875,0.368471622467041,16.097332000732422,0.0
KRW-XRP,2019-03-29,349.60528564453125,2019-04-11,381.8089904785156,0.21036076545715332,9.211444854736328,0.0
KRW-TRX,2019-03-29,26.3458251953125,2019-04-11,30.88454818725586,0.3944215774536133,17.227481842041016,0.0
KRW-XRP,2019-04-22,382.6368713378906,2019-04-22,375.8119812011719,-0.050479888916015625,-1.7836451530456543,1.0
KRW-ETH,2019-04-20,202537.53125,2019-04-23,198450.71875,-0.05541348457336426,-2.017807960510254,0.0
KRW-BTC,2019-04-19,6122354.5,2019-04-25,6116940.0,-0.0037107467651367188,-0.08843541145324707,0.0
KRW-TRX,2019-05-04,27.9306640625,2019-05-04,26.48674964904785,-0.1397390365600586,-5.169635772705078,1.0
KRW-TRX,2019-05-11,28.706220626831055,2019-05-12,27.78609848022461,-0.08405065536499023,-3.205305337905884,0.0
KRW-BTC,2019-05-02,6242004.0,2019-05-17,8886554.0,1.1221351623535156,42.36700439453125,0.0
KRW-XRP,2019-05-11,357.32025146484375,2019-05-18,450.77447509765625,0.6739933490753174,26.15419578552246,0.0
KRW-TRX,2019-05-13,29.202808380126953,2019-05-18,32.083946228027344,0.2450723648071289,9.865962982177734,0.0
KRW-ETH,2019-05-03,188733.796875,2019-05-22,297201.3125,1.522657871246338,57.471168518066406,0.0
KRW-BTC,2019-05-23,9537115.0,2019-05-30,10114940.0,0.20936012268066406,6.058692932128906,0.0
KRW-TRX,2019-05-27,40.44369888305664,2019-05-30,37.88105010986328,-0.222520112991333,-6.336337089538574,0.0
KRW-XRP,2019-05-30,558.7308349609375,2019-06-01,518.740478515625,-0.2508273124694824,-7.157355308532715,0.0
KRW-XRP,2019-06-02,535.7052001953125,2019-06-03,512.7434692382812,-0.14817380905151367,-4.2862653732299805,0.0
KRW-TRX,2019-06-01,42.29678726196289,2019-06-03,41.479248046875,-0.06775665283203125,-1.9328653812408447,0.0
KRW-XRP,2019-06-03,543.6305541992188,2019-06-03,512.7434692382812,-0.1943972110748291,-5.681633949279785,1.0
KRW-ETH,2019-06-12,303427.03125,2019-06-18,317641.09375,0.15357398986816406,4.684507846832275,0.0
KRW-XRP,2019-06-15,494.21099853515625,2019-06-20,511.7439880371094,0.11590266227722168,3.54766845703125,0.0
KRW-ETH,2019-06-22,358902.0625,2019-06-27,368815.5,0.09227657318115234,2.762162685394287,0.0
KRW-XRP,2019-06-21,521.9126586914062,2019-06-27,507.7460021972656,-0.0940546989440918,-2.714371681213379,0.0
KRW-TRX,2019-06-25,47.19937515258789,2019-06-27,40.279850006103516,-0.500495195388794,-14.66020393371582,0.0
KRW-BTC,2019-06-14,10093014.0,2019-06-30,13591201.0,1.1468636989593506,34.65949249267578,0.0
KRW-ETH,2019-06-29,393704.46875,2019-06-30,365866.96875,-0.2302403450012207,-7.070660591125488,0.0
KRW-TRX,2019-07-09,41.58848571777344,2019-07-10,38.68064880371094,-0.24517226219177246,-6.991929054260254,0.0
KRW-XRP,2019-08-04,376.4473876953125,2019-08-06,373.81298828125,-0.02564382553100586,-0.6998062133789062,0.0
KRW-TRX,2019-08-05,27.42163848876953,2019-08-06,26.086950302124023,-0.168168306350708,-4.867279529571533,0.0
KRW-ETH,2019-08-02,263025.28125,2019-08-08,263068.40625,-0.0011501312255859375,0.016391277313232422,0.0
KRW-BTC,2019-08-04,12951044.0,2019-08-10,13692150.0,0.19398975372314453,5.722367763519287,0.0
KRW-TRX,2019-08-23,21.878705978393555,2019-08-25,21.08945083618164,-0.12501025199890137,-3.607410192489624,0.0
KRW-BTC,2019-09-03,12872049.0,2019-09-06,12334829.0,-0.14302372932434082,-4.173541069030762,0.0
KRW-TRX,2019-09-08,19.029016494750977,2019-09-11,17.791099548339844,-0.2196190357208252,-6.505417823791504,0.0
KRW-XRP,2019-09-17,312.91021728515625,2019-09-21,343.8280029296875,0.3221015930175781,9.880722045898438,0.0
KRW-ETH,2019-09-07,210195.796875,2019-09-22,250974.4375,0.6482689380645752,19.400310516357422,0.0
KRW-TRX,2019-09-16,18.676342010498047,2019-09-22,20.089950561523438,0.24635767936706543,7.568979263305664,0.0
KRW-BTC,2019-10-09,9888583.0,2019-10-11,9809093.0,-0.03071904182434082,-0.8038580417633057,0.0
KRW-XRP,2019-10-04,304.4707336425781,2019-10-11,317.84100341796875,0.15618014335632324,4.391312599182129,0.0
KRW-TRX,2019-10-04,17.63743019104004,2019-10-11,18.790597915649414,0.233414888381958,6.538188457489014,0.0
KRW-ETH,2019-10-11,230999.375,2019-10-11,214542.671875,-0.26627278327941895,-7.12413215637207,1.0
KRW-BTC,2019-10-11,10338436.0,2019-10-11,9809093.0,-0.18893742561340332,-5.12014627456665,1.0
KRW-XRP,2019-10-14,336.7492370605469,2019-10-19,345.8269958496094,0.09450745582580566,2.6957035064697266,0.0
KRW-BTC,2019-10-26,10688005.0,2019-10-31,10686654.0,-0.0022530555725097656,-0.012642145156860352,0.0
KRW-ETH,2019-10-26,224815.953125,2019-11-01,213893.0,-0.17648053169250488,-4.85861873626709,0.0
KRW-TRX,2019-10-25,18.73603057861328,2019-11-01,22.98849868774414,0.8142175674438477,22.696744918823242,0.0
KRW-XRP,2019-11-05,351.55426025390625,2019-11-07,337.83099365234375,-0.14836621284484863,-3.903597593307495,0.0
KRW-ETH,2019-11-10,217159.8125,2019-11-11,215192.34375,-0.03551793098449707,-0.9060025215148926,0.0
KRW-TRX,2019-11-12,22.716840744018555,2019-11-14,22.48874855041504,-0.0390627384185791,-1.0040640830993652,0.0
KRW-ETH,2019-11-17,216222.953125,2019-11-17,214492.6875,-0.03327131271362305,-0.8002221584320068,1.0
KRW-TRX,2019-11-27,18.814668655395508,2019-12-01,18.390798568725586,-0.0849142074584961,-2.252870798110962,0.0
KRW-ETH,2019-12-04,176756.40625,2019-12-04,171564.171875,-0.11134600639343262,-2.9375076293945312,1.0
KRW-XRP,2019-12-05,260.7319641113281,2019-12-10,259.8699951171875,-0.013846397399902344,-0.3305971622467041,0.0
KRW-TRX,2019-12-14,17.099973678588867,2019-12-14,16.391799926757812,-0.1541295051574707,-4.1413726806640625,1.0
KRW-BTC,2019-12-22,8341555.5,2019-12-25,8365815.0,0.008657693862915039,0.29082298278808594,0.0
KRW-TRX,2019-12-22,15.91970157623291,2019-12-25,15.792099952697754,-0.03061699867248535,-0.8015334606170654,0.0
KRW-TRX,2020-01-05,15.864118576049805,2020-01-08,15.792099952697754,-0.018088579177856445,-0.45397281646728516,0.0
KRW-ETH,2020-01-05,155466.765625,2020-01-09,156421.75,0.020250797271728516,0.6142735481262207,0.0
KRW-BTC,2020-01-05,8571970.0,2020-01-11,9055470.0,0.20064163208007812,5.6404829025268555,0.0
KRW-XRP,2020-01-10,237.75961303710938,2020-01-11,237.88099670410156,3.6716461181640625e-05,0.05105733871459961,0.0
KRW-TRX,2020-01-10,16.154739379882812,2020-01-19,18.690650939941406,0.5615193843841553,15.697633743286133,0.0
KRW-BTC,2020-01-12,9189154.0,2020-01-20,9846074.0,0.2594144344329834,7.148861885070801,0.0
KRW-ETH,2020-01-14,164922.390625,2020-01-22,191754.078125,0.5927035808563232,16.26927947998047,0.0
KRW-BTC,2020-01-27,10130165.0,2020-02-03,10744625.0,0.23999691009521484,6.065642833709717,0.0
KRW-XRP,2020-01-28,266.19842529296875,2020-02-10,320.8394775390625,0.816920280456543,20.526432037353516,0.0
KRW-BTC,2020-02-07,11587206.0,2020-02-15,11497248.0,-0.034934043884277344,-0.7763564586639404,0.0
KRW-TRX,2020-01-28,19.69884490966797,2020-02-15,27.38629913330078,1.5549290180206299,39.02490234375,0.0
KRW-XRP,2020-02-15,399.0655212402344,2020-02-16,343.8280029296875,-0.6730523109436035,-13.841718673706055,0.0
KRW-ETH,2020-01-26,190464.296875,2020-02-19,308045.90625,2.4609317779541016,61.73419952392578,0.0
KRW-ETH,2020-02-23,316987.0,2020-02-25,299850.0,-0.27698850631713867,-5.40621280670166,0.0
KRW-TRX,2020-03-05,21.728715896606445,2020-03-07,20.489749908447266,-0.28798723220825195,-5.701976776123047,0.0
KRW-BTC,2020-03-07,10945255.0,2020-03-08,9871062.0,-0.4867210388183594,-9.81423282623291,0.0
KRW-ETH,2020-03-07,299937.625,2020-03-08,245627.125,-0.8959140777587891,-18.10726547241211,0.0
KRW-TRX,2020-03-26,14.51858901977539,2020-03-27,13.893049240112305,-0.19995546340942383,-4.3085455894470215,0.0
KRW-XRP,2020-03-27,225.4051513671875,2020-03-29,198.90049743652344,-0.5357751846313477,-11.758672714233398,0.0
KRW-BTC,2020-04-01,7910326.5,2020-04-10,8409793.0,0.2757911682128906,6.31411075592041,0.0
KRW-ETH,2020-04-01,164449.71875,2020-04-10,193952.96875,0.7876758575439453,17.940593719482422,0.0
KRW-XRP,2020-04-08,240.98355102539062,2020-04-10,228.885498046875,-0.22323274612426758,-5.0202789306640625,0.0
KRW-TRX,2020-04-08,16.445598602294922,2020-04-10,15.292349815368652,-0.3109450340270996,-7.012504577636719,0.0
KRW-BTC,2020-04-18,8600687.0,2020-04-20,8382806.5,-0.1170949935913086,-2.533292770385742,0.0
KRW-XRP,2020-04-18,231.80882263183594,2020-04-20,223.88800048828125,-0.1571497917175293,-3.416961431503296,0.0
KRW-XRP,2020-04-20,234.79945373535156,2020-04-20,223.88800048828125,-0.21077203750610352,-4.6471357345581055,1.0
KRW-ETH,2020-04-18,211472.046875,2020-04-21,209895.0,-0.03607034683227539,-0.7457494735717773,0.0
KRW-XRP,2020-04-22,229.48468017578125,2020-04-22,227.88600158691406,-0.03506278991699219,-0.696641206741333,1.0
KRW-ETH,2020-04-22,214772.09375,2020-05-04,252623.625,0.7718749046325684,17.62404441833496,0.0
KRW-XRP,2020-04-30,279.4092712402344,2020-05-05,264.86749267578125,-0.23078489303588867,-5.204474925994873,0.0
KRW-TRX,2020-04-23,16.11591148376465,2020-05-06,19.190401077270508,0.8357062339782715,19.077360153198242,0.0
KRW-BTC,2020-04-23,8776311.0,2020-05-10,10665664.0,0.943336009979248,21.527873992919922,0.0
KRW-BTC,2020-05-14,11559315.0,2020-05-20,11526234.0,-0.016707897186279297,-0.28618574142456055,0.0
KRW-ETH,2020-05-17,246315.40625,2020-05-21,243128.375,-0.06678390502929688,-1.293879747390747,0.0
KRW-TRX,2020-05-22,18.264366149902344,2020-05-22,18.09095001220703,-0.05192422866821289,-0.9494781494140625,1.0
KRW-TRX,2020-05-23,18.733552932739258,2020-05-23,18.09095001220703,-0.17419719696044922,-3.4302234649658203,1.0
KRW-BTC,2020-05-28,11387196.0,2020-06-02,11514240.0,0.05211925506591797,1.1156797409057617,0.0
KRW-BTC,2020-06-04,11754063.0,2020-06-05,11591201.0,-0.07092523574829102,-1.3855814933776855,0.0
KRW-ETH,2020-05-30,271497.0625,2020-06-05,289055.40625,0.3138546943664551,6.467235088348389,0.0
KRW-XRP,2020-05-31,253.05503845214844,2020-06-05,244.8774871826172,-0.16049480438232422,-3.2315313816070557,0.0
KRW-TRX,2020-06-01,20.292999267578125,2020-06-10,20.989500045776367,0.16541767120361328,3.4322261810302734,0.0
KRW-TRX,2020-06-23,20.02567481994629,2020-06-24,19.190401077270508,-0.20947694778442383,-4.171013832092285,0.0
KRW-BTC,2020-07-06,10948286.0,2020-07-09,10955519.0,0.0007872581481933594,0.06606578826904297,0.0
KRW-ETH,2020-07-06,274879.6875,2020-07-11,283907.96875,0.15880155563354492,3.28444242477417,0.0
KRW-BTC,2020-07-12,11028865.0,2020-07-13,10994500.0,-0.018033981323242188,-0.31158924102783203,0.0
KRW-XRP,2020-07-06,214.27374267578125,2020-07-13,236.88150024414062,0.5155644416809082,10.550880432128906,0.0
KRW-TRX,2020-07-08,20.88567352294922,2020-07-13,20.889549255371094,-0.0015454292297363281,0.01856088638305664,0.0
KRW-BTC,2020-07-23,11381873.0,2020-08-02,13023485.0,0.7287683486938477,14.423036575317383,0.0
KRW-TRX,2020-07-22,21.2706298828125,2020-08-02,22.48874855041504,0.28783273696899414,5.726766586303711,0.0
KRW-TRX,2020-08-02,25.152172088623047,2020-08-02,22.48874855041504,-0.5959992408752441,-10.58923625946045,1.0
KRW-ETH,2020-07-21,284514.4375,2020-08-07,450824.46875,2.9613113403320312,58.45398712158203,0.0
KRW-XRP,2020-07-21,237.79049682617188,2020-08-07,349.8249816894531,2.386369228363037,47.11478805541992,0.0
KRW-BTC,2020-08-05,13517605.0,2020-08-11,13612190.0,0.034290313720703125,0.6997227668762207,0.0
KRW-ETH,2020-08-10,470425.84375,2020-08-11,452523.625,-0.2983827590942383,-3.8055360317230225,0.0
KRW-TRX,2020-08-04,24.42056655883789,2020-08-11,23.987998962402344,-0.0961298942565918,-1.771324872970581,0.0
KRW-ETH,2020-08-13,472744.25,2020-08-18,494302.71875,0.28938817977905273,4.560279846191406,0.0
KRW-TRX,2020-08-16,30.89193344116211,2020-08-19,31.38429832458496,0.09905385971069336,1.5938282012939453,0.0
KRW-BTC,2020-08-24,13925081.0,2020-08-25,13469262.0,-0.21640777587890625,-3.2733678817749023,0.0
KRW-BTC,2020-08-31,13777015.0,2020-09-02,13564214.0,-0.10296201705932617,-1.5446066856384277,0.0
KRW-XRP,2020-09-01,337.3338928222656,2020-09-02,328.8354797363281,-0.1658949851989746,-2.5192856788635254,0.0
KRW-ETH,2020-09-01,525389.3125,2020-09-03,462068.84375,-0.7814083099365234,-12.052106857299805,0.0
KRW-TRX,2020-08-30,30.220561981201172,2020-09-05,36.48175048828125,1.3345060348510742,20.718299865722656,0.0
KRW-BTC,2020-09-19,12893755.0,2020-09-20,12812590.0,-0.044335365295410156,-0.6294906139373779,0.0
KRW-XRP,2020-09-16,294.7841796875,2020-09-20,287.8559875488281,-0.15660762786865234,-2.3502588272094727,0.0
KRW-BTC,2020-09-27,12573889.0,2020-10-01,12433780.0,-0.0753626823425293,-1.1142849922180176,0.0
KRW-ETH,2020-09-28,424358.75,2020-10-01,413393.1875,-0.17049503326416016,-2.5840282440185547,0.0
KRW-XRP,2020-09-28,287.3385009765625,2020-10-01,277.8609924316406,-0.21673345565795898,-3.2983779907226562,0.0
KRW-XRP,2020-10-06,297.93792724609375,2020-10-09,288.8554992675781,-0.1968998908996582,-3.048431873321533,0.0
KRW-BTC,2020-10-08,12491056.0,2020-10-16,13047473.0,0.2798953056335449,4.454517364501953,0.0
KRW-ETH,2020-10-09,416629.9375,2020-10-16,421938.90625,0.07698202133178711,1.274263858795166,0.0
KRW-TRX,2020-10-10,30.809289932250977,2020-10-16,29.5851993560791,-0.25298166275024414,-3.9731204509735107,0.0
KRW-ETH,2020-10-22,453460.84375,2020-10-26,444177.78125,-0.13271760940551758,-2.0471572875976562,0.0
KRW-XRP,2020-10-26,288.81048583984375,2020-10-26,281.8589782714844,-0.15751934051513672,-2.406942844390869,1.0
KRW-XRP,2020-10-28,287.1063537597656,2020-10-28,279.8599853515625,-0.16349411010742188,-2.5239288806915283,1.0
KRW-ETH,2020-11-02,456437.40625,2020-11-02,435182.28125,-0.293792724609375,-4.656744003295898,1.0
KRW-BTC,2020-10-20,13638259.0,2020-11-10,17026482.0,1.5690264701843262,24.84351348876953,0.0
KRW-XRP,2020-11-07,298.5278015136719,2020-11-12,281.8589782714844,-0.3424391746520996,-5.583673477172852,0.0
KRW-ETH,2020-11-04,449185.4375,2020-11-15,496751.5,0.6406259536743164,10.589408874511719,0.0
KRW-BTC,2020-11-12,17754940.0,2020-11-23,20089950.0,0.8605084419250488,13.151323318481445,0.0
KRW-ETH,2020-11-17,511031.9375,2020-11-26,582708.5,0.924807071685791,14.025842666625977,0.0
KRW-XRP,2020-11-17,325.785888671875,2020-11-26,599.7000122070312,5.56028938293457,84.07795715332031,0.0
KRW-TRX,2020-11-18,29.833480834960938,2020-11-26,32.983497619628906,0.6953768730163574,10.558664321899414,0.0
KRW-XRP,2020-11-28,673.7891235351562,2020-11-29,664.66748046875,-0.1208658218383789,-1.3537824153900146,0.0
KRW-ETH,2020-12-01,687817.125,2020-12-04,625187.25,-0.7854247093200684,-9.105598449707031,0.0
KRW-ETH,2020-12-13,632403.5,2020-12-21,678460.5625,0.6062097549438477,7.282865047454834,0.0
KRW-XRP,2020-12-17,676.9757080078125,2020-12-21,573.7130126953125,-1.282646656036377,-15.253532409667969,0.0
KRW-ETH,2020-12-25,704752.0,2020-12-25,687356.125,-0.20941400527954102,-2.468365430831909,1.0
KRW-ETH,2020-12-27,727281.0,2021-01-01,802598.5,0.8330936431884766,10.356033325195312,0.0
KRW-BTC,2020-12-13,21003384.0,2021-01-11,40073952.0,7.60588264465332,90.79759979248047,0.0
KRW-ETH,2021-01-02,821857.1875,2021-01-11,1226386.5,4.110552787780762,49.22135925292969,0.0
KRW-XRP,2021-01-06,270.18243408203125,2021-01-11,325.8370056152344,1.7178125381469727,20.598888397216797,0.0
KRW-TRX,2021-01-04,35.96178436279297,2021-01-11,32.88355255126953,-0.7197461128234863,-8.559727668762207,0.0
KRW-ETH,2021-01-14,1338844.625,2021-01-21,1255871.75,-0.7207193374633789,-6.197351455688477,0.0
KRW-ETH,2021-01-24,1411652.125,2021-01-27,1403298.0,-0.07287883758544922,-0.5917966365814209,0.0
KRW-TRX,2021-01-24,33.4335823059082,2021-01-27,31.884048461914062,-0.5319414138793945,-4.634660720825195,0.0
KRW-ETH,2021-01-28,1486287.625,2021-01-31,1443278.0,-0.32973480224609375,-2.893763780593872,0.0
KRW-XRP,2021-01-29,304.78314208984375,2021-02-02,397.8009948730469,3.4128732681274414,30.51935386657715,0.0
KRW-XRP,2021-02-12,588.8243408203125,2021-02-15,603.697998046875,0.36161136627197266,2.5259971618652344,0.0
KRW-TRX,2021-02-01,37.48772048950195,2021-02-15,55.672149658203125,5.373636245727539,48.5076904296875,0.0
KRW-TRX,2021-02-16,60.9117546081543,2021-02-16,57.97099685668945,-0.7739601135253906,-4.827898979187012,1.0
KRW-ETH,2021-02-01,1483525.875,2021-02-22,2024987.0,4.041869163513184,36.498260498046875,0.0
KRW-BTC,2021-02-01,37532680.0,2021-02-23,55077448.0,5.178199768066406,46.74531173706055,0.0
KRW-XRP,2021-03-04,534.5098876953125,2021-03-10,532.7334594726562,-0.05928325653076172,-0.3323495388031006,0.0
KRW-TRX,2021-03-08,59.77827835083008,2021-03-10,59.270347595214844,-0.13949203491210938,-0.849694013595581,0.0
KRW-ETH,2021-03-06,1833110.375,2021-03-12,2053972.5,1.8602466583251953,12.048494338989258,0.0
KRW-BTC,2021-03-08,59711832.0,2021-03-15,64454756.0,1.2237310409545898,7.94302225112915,0.0
KRW-ETH,2021-03-13,2101946.75,2021-03-15,2074962.0,-0.21407222747802734,-1.2838006019592285,0.0
KRW-TRX,2021-03-19,63.73311233520508,2021-03-24,68.86554718017578,1.2933940887451172,8.053016662597656,0.0
KRW-BTC,2021-03-27,66948388.0,2021-04-07,72813576.0,1.4357376098632812,8.760762214660645,0.0
KRW-ETH,2021-03-29,2057135.625,2021-04-07,2553722.5,3.9705581665039062,24.139726638793945,0.0
KRW-TRX,2021-03-31,81.73429107666016,2021-04-07,143.92799377441406,12.533626556396484,76.09254455566406,0.0
KRW-ETH,2021-04-07,2883355.0,2021-04-07,2553722.5,-2.588796615600586,-11.432254791259766,1.0
KRW-BTC,2021-04-07,79411224.0,2021-04-07,72813576.0,-1.8150177001953125,-8.308208465576172,1.0
KRW-BTC,2021-04-10,77669336.0,2021-04-16,79311320.0,0.43306922912597656,2.1140694618225098,0.0
KRW-XRP,2021-03-26,678.2293090820312,2021-04-16,2023.9874267578125,32.696495056152344,198.4222869873047,0.0
KRW-TRX,2021-04-13,177.88232421875,2021-04-18,193.9029998779297,1.8791828155517578,9.006333351135254,0.0
KRW-BTC,2021-04-30,65093988.0,2021-05-04,66795584.0,0.7331314086914062,2.6140570640563965,0.0
KRW-TRX,2021-04-30,150.2896270751953,2021-05-04,149.9250030517578,-0.08367538452148438,-0.24261474609375,0.0
KRW-TRX,2021-05-05,157.44659423828125,2021-05-10,160.91949462890625,0.6208477020263672,2.2057652473449707,0.0
KRW-BTC,2021-05-06,70331984.0,2021-05-11,69706128.0,-0.27068519592285156,-0.8898615837097168,0.0
KRW-ETH,2021-04-26,2970160.75,2021-05-12,4744626.5,17.06802749633789,59.74308395385742,0.0
KRW-XRP,2021-06-14,1042.101806640625,2021-06-16,983.5079956054688,-1.8769454956054688,-5.622654914855957,0.0
KRW-BTC,2021-06-14,46798172.0,2021-06-17,44831572.0,-1.4069862365722656,-4.202300071716309,0.0
KRW-BTC,2021-06-29,40779592.0,2021-07-01,39300340.0,-1.1863117218017578,-3.6274313926696777,0.0
KRW-BTC,2021-07-04,41166004.0,2021-07-05,39486248.0,-1.3159103393554688,-4.0804443359375,0.0
KRW-ETH,2021-06-29,2536077.75,2021-07-05,2572713.0,0.449859619140625,1.444566249847412,0.0
KRW-XRP,2021-07-04,806.7747192382812,2021-07-05,765.6170043945312,-1.6412086486816406,-5.101513862609863,0.0
KRW-BTC,2021-07-06,40565220.0,2021-07-06,39794092.0,-0.6267356872558594,-1.9009590148925781,1.0
KRW-ETH,2021-07-06,2651685.75,2021-07-08,2517740.5,-1.597768783569336,-5.051326751708984,0.0
KRW-BTC,2021-07-23,38422576.0,2021-08-01,46250860.0,6.251918792724609,20.37417984008789,0.0
KRW-XRP,2021-07-24,722.7020874023438,2021-08-02,855.5719604492188,5.640073776245117,18.385147094726562,0.0
KRW-ETH,2021-07-24,2527625.5,2021-08-12,3570214.0,12.672842025756836,41.24774932861328,0.0
KRW-ETH,2021-08-12,3729658.0,2021-08-12,3570214.0,-1.8990516662597656,-4.275030136108398,1.0
KRW-BTC,2021-08-11,53270220.0,2021-08-17,52633668.0,-0.4567298889160156,-1.1949479579925537,0.0
KRW-XRP,2021-08-09,943.9800415039062,2021-08-17,1299.3499755859375,13.792316436767578,37.645912170410156,0.0
KRW-TRX,2021-07-24,66.64732360839844,2021-08-17,99.94999694824219,15.355438232421875,49.968505859375,0.0
KRW-ETH,2021-08-17,3787280.75,2021-08-17,3547225.5,-2.8048095703125,-6.338459014892578,1.0
KRW-BTC,2021-08-20,56984900.0,2021-08-24,56105932.0,-0.6825752258300781,-1.5424549579620361,0.0
KRW-TRX,2021-08-29,104.27577209472656,2021-09-07,102.94849395751953,-0.5646934509277344,-1.2728512287139893,0.0
KRW-TRX,2021-09-10,114.01811981201172,2021-09-10,111.94400024414062,-0.8164253234863281,-1.8191158771514893,1.0
KRW-TRX,2021-09-12,119.51531982421875,2021-09-17,128.9355010986328,3.315753936767578,7.88198709487915,0.0
KRW-ETH,2021-09-15,4216651.0,2021-09-19,4083957.0,-1.3534622192382812,-3.146904706954956,0.0
KRW-BTC,2021-09-18,58210724.0,2021-09-20,53774100.0,-3.3320693969726562,-7.621664047241211,0.0
KRW-ETH,2021-10-01,3771273.5,2021-10-10,4238879.5,5.183929443359375,12.399148941040039,0.0
KRW-TRX,2021-10-01,112.64057922363281,2021-10-11,118.94049835205078,2.326812744140625,5.592942237854004,0.0
KRW-XRP,2021-10-03,1302.9659423828125,2021-10-12,1354.322509765625,1.6335716247558594,3.941512107849121,0.0
KRW-ETH,2021-10-13,4401573.5,2021-10-18,4628684.5,2.2994956970214844,5.15977144241333,0.0
KRW-BTC,2021-10-01,54942340.0,2021-10-21,76357800.0,16.34125518798828,38.978065490722656,0.0
KRW-TRX,2021-10-15,121.029052734375,2021-10-22,121.93899536132812,0.3158302307128906,0.7518410682678223,0.0
KRW-ETH,2021-10-23,5016091.5,2021-10-27,4817590.0,-1.9621467590332031,-3.9572954177856445,0.0
KRW-ETH,2021-10-27,5091772.0,2021-10-27,4817590.0,-2.6584091186523438,-5.38480281829834,1.0
KRW-ETH,2021-10-29,5337074.5,2021-10-31,5059469.0,-2.5104141235351562,-5.20145320892334,0.0
KRW-ETH,2021-10-31,5221538.5,2021-10-31,5059469.0,-1.5045700073242188,-3.1038641929626465,1.0
KRW-BTC,2021-10-31,74290952.0,2021-10-31,72354800.0,-1.2573013305664062,-2.60617733001709,1.0
KRW-TRX,2021-10-30,122.72594451904297,2021-11-06,123.93799591064453,0.4482002258300781,0.9876132011413574,0.0
KRW-XRP,2021-10-31,1330.33056640625,2021-11-10,1459.27001953125,4.4393310546875,9.69228744506836,0.0
KRW-XRP,2021-11-10,1557.1002197265625,2021-11-10,1459.27001953125,-3.220325469970703,-6.282848358154297,1.0
KRW-BTC,2021-11-07,75118448.0,2021-11-12,78125912.0,1.8634910583496094,4.003632068634033,0.0
KRW-ETH,2021-11-01,5172675.0,2021-11-12,5681158.0,4.502815246582031,9.830177307128906,0.0
KRW-TRX,2021-11-09,135.72116088867188,2021-11-12,130.9344940185547,-1.6859207153320312,-3.526836633682251,0.0
KRW-TRX,2021-11-13,133.33091735839844,2021-11-16,134.9324951171875,0.5529975891113281,1.2012004852294922,0.0
KRW-BTC,2021-11-30,73170680.0,2021-11-30,70666648.0,-1.6966552734375,-3.4221768379211426,1.0
KRW-BTC,2021-12-01,72412584.0,2021-12-02,70503728.0,-1.2787055969238281,-2.6360809803009033,0.0
KRW-ETH,2021-11-30,5621899.5,2021-12-03,5353322.0,-2.3253135681152344,-4.777341842651367,0.0
KRW-TRX,2021-12-08,116.9916000366211,2021-12-13,105.9469985961914,-4.444755554199219,-9.440505981445312,0.0
KRW-BTC,2021-12-15,61322272.0,2021-12-16,59787092.0,-1.1673927307128906,-2.503460645675659,0.0
KRW-XRP,2021-12-15,1040.061767578125,2021-12-16,1004.4974975585938,-1.5861587524414062,-3.419440984725952,0.0
KRW-XRP,2021-12-17,1033.400146484375,2021-12-17,999.5,-1.5218620300292969,-3.2804489135742188,1.0
KRW-XRP,2021-12-18,1029.4073486328125,2021-12-24,1114.4425048828125,3.665069580078125,8.260595321655273,0.0
KRW-BTC,2021-12-26,61953300.0,2021-12-28,58244860.0,-2.7492408752441406,-5.985861778259277,0.0
KRW-XRP,2022-01-14,957.9291381835938,2022-01-16,940.5294799804688,-0.8371963500976562,-1.8163800239562988,0.0
KRW-ETH,2022-01-16,4089270.5,2022-01-17,3915041.5,-1.9212455749511719,-4.2606353759765625,0.0
KRW-TRX,2022-01-15,83.21675109863281,2022-01-18,82.65864562988281,-0.3232688903808594,-0.6706655025482178,0.0
KRW-TRX,2022-02-01,74.04776763916016,2022-02-02,72.06394958496094,-1.2027168273925781,-2.6791036128997803,0.0
KRW-TRX,2022-02-02,74.51054382324219,2022-02-02,72.06394958496094,-1.4807968139648438,-3.2835543155670166,1.0
KRW-ETH,2022-02-04,3418791.25,2022-02-10,3752123.0,4.209175109863281,9.749984741210938,0.0
KRW-BTC,2022-02-06,51437304.0,2022-02-11,51856056.0,0.3315620422363281,0.8141040802001953,0.0
KRW-XRP,2022-02-04,758.9192504882812,2022-02-11,928.5354614257812,9.67666244506836,22.349702835083008,0.0
KRW-TRX,2022-02-04,74.10901641845703,2022-02-11,78.16089630126953,2.3508262634277344,5.467462539672852,0.0
KRW-XRP,2022-02-15,993.9475708007812,2022-02-17,935.531982421875,-2.8159866333007812,-5.877131462097168,0.0
KRW-TRX,2022-03-07,74.49409484863281,2022-03-07,72.9635009765625,-1.0084342956542969,-2.054649591445923,1.0
KRW-TRX,2022-03-09,76.75511932373047,2022-03-10,74.16289520263672,-1.595367431640625,-3.3772647380828857,0.0
KRW-XRP,2022-03-11,946.2964477539062,2022-03-15,948.5254516601562,0.08560562133789062,0.23554563522338867,0.0
KRW-BTC,2022-03-24,52663588.0,2022-03-31,55324324.0,2.3090744018554688,5.052328109741211,0.0
KRW-XRP,2022-03-28,1049.167236328125,2022-03-31,999.5,-2.208301544189453,-4.7339677810668945,0.0
KRW-BTC,2022-04-01,56407132.0,2022-04-02,56021972.0,-0.3384819030761719,-0.6828188896179199,0.0
KRW-TRX,2022-03-20,75.70230865478516,2022-04-04,86.75659942626953,6.717365264892578,14.602315902709961,0.0
KRW-XRP,2022-04-05,1030.00830078125,2022-04-05,1009.4949951171875,-1.0099945068359375,-1.991569995880127,1.0
KRW-ETH,2022-03-21,3579748.5,2022-04-06,3896051.0,4.055568695068359,8.835887908935547,0.0
KRW-BTC,2022-04-28,50835224.0,2022-04-29,49706132.0,-1.1017227172851562,-2.221083641052246,0.0
KRW-ETH,2022-04-28,3741653.5,2022-04-29,3626186.0,-1.5212936401367188,-3.086000680923462,0.0
KRW-BTC,2022-05-02,49965828.0,2022-05-02,49495240.0,-0.49847412109375,-0.9418189525604248,1.0
KRW-ETH,2022-05-02,3676721.75,2022-05-03,3590204.0,-1.1497421264648438,-2.3531198501586914,0.0
KRW-TRX,2022-05-06,105.9754638671875,2022-05-09,99.15039825439453,-3.078033447265625,-6.440234184265137,0.0
KRW-TRX,2022-05-10,107.12677001953125,2022-05-10,101.9489974975586,-2.301464080810547,-4.833311080932617,1.0
KRW-TRX,2022-05-21,95.9310302734375,2022-05-28,102.94849395751953,3.3474578857421875,7.31511116027832,0.0
KRW-XRP,2022-05-31,544.1627807617188,2022-06-01,505.7469787597656,-3.3348655700683594,-7.0596160888671875,0.0
KRW-XRP,2022-06-06,508.92449951171875,2022-06-10,492.75347900390625,-1.4868354797363281,-3.177487850189209,0.0
KRW-BTC,2022-06-26,28249876.0,2022-06-27,27025480.0,-2.0031509399414062,-4.334163665771484,0.0
KRW-ETH,2022-06-24,1543880.375,2022-06-28,1497251.0,-1.40283203125,-3.020268678665161,0.0
KRW-XRP,2022-06-24,443.28802490234375,2022-06-28,441.77899169921875,-0.17839813232421875,-0.3404200077056885,0.0
KRW-ETH,2022-06-28,1593923.0,2022-06-28,1497251.0,-2.741870880126953,-6.065034866333008,1.0
KRW-TRX,2022-06-26,85.8031234741211,2022-06-29,85.45724487304688,-0.20704269409179688,-0.4031062126159668,0.0
KRW-BTC,2022-07-07,27638216.0,2022-07-10,27303340.0,-0.5555877685546875,-1.2116432189941406,0.0
KRW-XRP,2022-07-08,458.2265930175781,2022-07-10,425.7869873046875,-3.139495849609375,-7.079380989074707,0.0
KRW-TRX,2022-07-05,89.35369110107422,2022-07-10,88.45574951171875,-0.46456146240234375,-1.0049283504486084,0.0
KRW-TRX,2022-07-14,88.66133117675781,2022-07-20,88.85555267333984,0.07265090942382812,0.21905899047851562,0.0
KRW-TRX,2022-07-20,92.2736587524414,2022-07-20,88.85555267333984,-1.6370887756347656,-3.704315423965454,1.0
KRW-XRP,2022-07-14,439.8819885253906,2022-07-22,473.76300048828125,3.288982391357422,7.702291011810303,0.0
KRW-TRX,2022-07-22,90.77117919921875,2022-07-22,89.0554428100586,-0.8721389770507812,-1.89017653465271,1.0
KRW-BTC,2022-07-14,27171970.0,2022-07-23,29707138.0,3.9886093139648438,9.330081939697266,0.0
KRW-ETH,2022-07-15,1610491.5,2022-07-25,1931034.0,8.533077239990234,19.903396606445312,0.0
KRW-BTC,2022-07-28,31463324.0,2022-08-01,30835574.0,-0.9469146728515625,-1.9951820373535156,0.0
KRW-ETH,2022-07-28,2290802.0,2022-08-01,2165916.5,-2.547210693359375,-5.451607704162598,0.0
KRW-XRP,2022-07-30,498.5232238769531,2022-08-02,496.7514953613281,-0.18770599365234375,-0.3553926944732666,0.0
KRW-TRX,2022-07-27,89.07083892822266,2022-08-03,91.054443359375,1.0079193115234375,2.226996421813965,0.0
KRW-TRX,2022-08-13,94.64871978759766,2022-08-15,92.75360107421875,-0.9360122680664062,-2.002263069152832,0.0
KRW-BTC,2022-08-08,30970346.0,2022-08-16,32065958.0,1.5906257629394531,3.537619113922119,0.0
KRW-ETH,2022-08-08,2290275.25,2022-08-16,2522738.0,4.606414794921875,10.149991989135742,0.0
KRW-XRP,2022-08-13,510.2249755859375,2022-08-19,459.7699890136719,-4.532909393310547,-9.888773918151855,0.0
KRW-ETH,2022-08-30,2185770.5,2022-08-30,2101948.5,-1.8009300231933594,-3.83489727973938,1.0
KRW-BTC,2022-09-12,30283544.0,2022-09-13,28356814.0,-2.905902862548828,-6.362300872802734,0.0
KRW-ETH,2022-08-31,2168847.75,2022-09-13,2182908.0,0.27111053466796875,0.6482839584350586,0.0
KRW-XRP,2022-09-09,486.1498718261719,2022-09-13,466.7664794921875,-1.8295364379882812,-3.98712158203125,0.0
KRW-TRX,2022-09-09,86.99732208251953,2022-09-13,85.25735473632812,-0.9290313720703125,-2.0000219345092773,0.0
KRW-BTC,2022-09-13,31196936.0,2022-09-13,28356814.0,-4.044925689697266,-9.103846549987793,1.0
KRW-TRX,2022-09-17,87.45866394042969,2022-09-18,86.05694580078125,-0.7096519470214844,-1.6027212142944336,0.0
KRW-TRX,2022-09-18,87.76490783691406,2022-09-18,86.05694580078125,-0.8735847473144531,-1.9460678100585938,1.0
KRW-XRP,2022-09-17,516.9507446289062,2022-09-26,671.6640014648438,12.828903198242188,29.92803955078125,0.0
KRW-BTC,2022-09-27,27975800.0,2022-10-02,27677154.0,-0.5111122131347656,-1.0675132274627686,0.0
KRW-ETH,2022-10-06,1951713.0,2022-10-07,1894552.25,-1.3583831787109375,-2.928745746612549,0.0
KRW-XRP,2022-10-04,689.2581787109375,2022-10-10,707.64599609375,1.1937446594238281,2.6677727699279785,0.0
KRW-TRX,2022-10-12,89.94881439208984,2022-10-12,88.55569458007812,-0.7510528564453125,-1.5487909317016602,1.0
KRW-XRP,2022-10-14,730.4120483398438,2022-10-14,703.6480102539062,-1.7075691223144531,-3.6642372608184814,1.0
KRW-TRX,2022-10-14,90.33989715576172,2022-10-15,89.1553955078125,-0.6116561889648438,-1.3111591339111328,0.0
KRW-TRX,2022-10-17,90.00697326660156,2022-10-19,89.1553955078125,-0.4460487365722656,-0.946122407913208,0.0
KRW-TRX,2022-10-19,90.42437744140625,2022-10-19,89.1553955078125,-0.6714401245117188,-1.4033615589141846,1.0
KRW-ETH,2022-10-20,1873678.0,2022-10-20,1851573.75,-0.5694160461425781,-1.179724931716919,1.0
KRW-TRX,2022-10-29,90.4676742553711,2022-10-30,88.65564727783203,-0.9105033874511719,-2.0029544830322266,0.0
KRW-BTC,2022-10-28,28905050.0,2022-10-31,28763610.0,-0.23920822143554688,-0.48932433128356934,0.0
KRW-BTC,2022-10-31,29208726.0,2022-10-31,28763610.0,-0.7137870788574219,-1.523911952972412,1.0
KRW-ETH,2022-10-26,2186661.0,2022-11-02,2155921.5,-0.6456489562988281,-1.405775547027588,0.0
KRW-XRP,2022-11-04,653.3965454101562,2022-11-06,663.66796875,0.6652069091796875,1.5720009803771973,0.0
KRW-TRX,2022-11-06,90.19536590576172,2022-11-07,87.55619812011719,-1.3055419921875,-2.9260575771331787,0.0
KRW-TRX,2022-11-09,88.2319564819336,2022-11-09,77.06144714355469,-5.555412292480469,-12.66038990020752,1.0
KRW-BTC,2022-11-23,23013650.0,2022-11-27,22634676.0,-0.7151641845703125,-1.646733283996582,0.0
KRW-ETH,2022-11-24,1672107.25,2022-11-28,1608195.5,-1.6321029663085938,-3.822225332260132,0.0
KRW-XRP,2022-11-27,561.0911865234375,2022-11-28,534.7324829101562,-1.9836692810058594,-4.697757720947266,0.0
KRW-TRX,2022-11-21,71.94569396972656,2022-11-29,72.66364288330078,0.3995170593261719,0.9979009628295898,0.0
KRW-BTC,2022-12-04,22964726.0,2022-12-05,22713636.0,-0.470458984375,-1.093369722366333,0.0
KRW-ETH,2022-12-05,1730531.375,2022-12-05,1687156.0,-1.0692901611328125,-2.506476640701294,1.0
KRW-BTC,2022-12-05,23081846.0,2022-12-05,22713636.0,-0.6909446716308594,-1.5952348709106445,1.0
KRW-BTC,2022-12-11,22901930.0,2022-12-11,22763612.0,-0.2857246398925781,-0.6039559841156006,1.0
KRW-BTC,2022-12-12,22887014.0,2022-12-15,22930528.0,0.05675506591796875,0.19012689590454102,0.0
KRW-TRX,2022-12-21,72.44617462158203,2022-12-23,70.76460266113281,-0.9608230590820312,-2.3211300373077393,0.0
KRW-BTC,2023-01-08,21631062.0,2023-01-18,25705140.0,7.565624237060547,18.834388732910156,0.0
KRW-ETH,2023-01-06,1616473.25,2023-01-18,1880059.5,6.547389984130859,16.306257247924805,0.0
KRW-XRP,2023-01-14,492.04168701171875,2023-01-18,471.76397705078125,-1.6799850463867188,-4.121136665344238,0.0
KRW-TRX,2023-01-09,71.19983673095703,2023-01-18,73.26335144042969,1.1471366882324219,2.8982043266296387,0.0
KRW-TRX,2023-01-18,77.69747161865234,2023-01-18,73.26335144042969,-2.5346107482910156,-5.706906318664551,1.0
KRW-ETH,2023-01-22,2058141.375,2023-01-24,1950524.25,-2.27069091796875,-5.228847503662109,0.0
KRW-TRX,2023-01-21,78.70777893066406,2023-01-24,75.2623519897461,-1.9044837951660156,-4.377490043640137,0.0
KRW-TRX,2023-01-24,79.29859924316406,2023-01-24,75.2623519897461,-2.1231155395507812,-5.089932441711426,1.0
KRW-ETH,2023-01-25,2025293.0,2023-01-25,2006996.0,-0.39986419677734375,-0.9034276008605957,1.0
KRW-XRP,2023-01-23,509.0573425292969,2023-01-28,515.7420043945312,0.5433273315429688,1.3131499290466309,0.0
KRW-BTC,2023-01-23,28804274.0,2023-01-30,28691646.0,-0.1897125244140625,-0.39101243019104004,0.0
KRW-BTC,2023-02-01,29525502.0,2023-02-05,28975504.0,-0.7920722961425781,-1.862788200378418,0.0
KRW-ETH,2023-02-01,2024543.75,2023-02-05,2056971.0,0.6425285339355469,1.601707935333252,0.0
KRW-XRP,2023-02-04,522.2379150390625,2023-02-05,503.74798583984375,-1.4867973327636719,-3.540515899658203,0.0
KRW-TRX,2023-02-07,82.88098907470703,2023-02-09,80.75959777832031,-1.0695228576660156,-2.559560537338257,0.0
KRW-XRP,2023-02-09,513.8304443359375,2023-02-09,492.75347900390625,-1.7107315063476562,-4.101932048797607,1.0
KRW-XRP,2023-02-17,507.5698547363281,2023-02-19,501.7489929199219,-0.482147216796875,-1.1468112468719482,0.0
KRW-ETH,2023-02-16,2215757.25,2023-02-21,2151923.5,-1.18072509765625,-2.8809010982513428,0.0
KRW-BTC,2023-02-19,32045628.0,2023-02-22,31603190.0,-0.5727577209472656,-1.3806521892547607,0.0
KRW-TRX,2023-02-11,83.43807220458984,2023-02-22,90.95449829101562,3.608867645263672,9.008383750915527,0.0
KRW-XRP,2023-02-20,507.9270935058594,2023-02-23,508.7454833984375,0.044475555419921875,0.16112327575683594,0.0
KRW-ETH,2023-03-01,2182684.0,2023-03-03,2082958.0,-1.8759498596191406,-4.568964004516602,0.0
KRW-TRX,2023-03-02,92.69171142578125,2023-03-03,89.1553955078125,-1.569793701171875,-3.815138339996338,0.0
KRW-XRP,2023-03-07,502.95135498046875,2023-03-10,500.7494812011719,-0.19387054443359375,-0.4377901554107666,0.0
KRW-TRX,2023-03-13,88.94225311279297,2023-03-18,87.55619812011719,-0.6383705139160156,-1.558375358581543,0.0
KRW-BTC,2023-03-13,30096110.0,2023-03-22,36353812.0,8.232597351074219,20.792388916015625,0.0
KRW-ETH,2023-03-13,2166814.75,2023-03-22,2310844.0,2.6183433532714844,6.647050380706787,0.0
KRW-TRX,2023-03-21,88.46387481689453,2023-03-22,79.76010131835938,-3.892333984375,-9.838789939880371,0.0
KRW-TRX,2023-03-22,89.95016479492188,2023-03-22,79.76010131835938,-4.786041259765625,-11.32856559753418,1.0
KRW-ETH,2023-03-26,2356875.5,2023-03-27,2285856.5,-1.2340126037597656,-3.0132710933685303,0.0
KRW-ETH,2023-03-28,2346668.75,2023-03-28,2338830.0,-0.17306900024414062,-0.33403635025024414,1.0
KRW-XRP,2023-03-18,514.6102905273438,2023-04-01,673.6629638671875,12.145767211914062,30.90740394592285,0.0
KRW-BTC,2023-04-03,37765684.0,2023-04-03,36795592.0,-1.1402435302734375,-2.568715810775757,1.0
KRW-XRP,2023-04-11,691.8189086914062,2023-04-12,668.6654663085938,-1.4416084289550781,-3.3467471599578857,0.0
KRW-TRX,2023-04-04,88.1156997680664,2023-04-12,86.35679626464844,-0.8684005737304688,-1.9961297512054443,0.0
KRW-BTC,2023-04-11,40198724.0,2023-04-16,39587196.0,-0.6668624877929688,-1.5212595462799072,0.0
KRW-XRP,2023-04-14,678.0631713867188,2023-04-17,671.6640014648438,-0.413970947265625,-0.9437441825866699,0.0
KRW-ETH,2023-04-18,2761091.75,2023-04-19,2574712.0,-2.8270263671875,-6.75022029876709,0.0
KRW-TRX,2023-04-18,87.28662109375,2023-04-21,86.55669403076172,-0.3684425354003906,-0.8362412452697754,0.0
KRW-TRX,2023-04-26,88.67877197265625,2023-04-26,86.95649719238281,-0.8324928283691406,-1.9421517848968506,1.0
KRW-ETH,2023-05-03,2545502.5,2023-05-04,2507745.5,-0.6218528747558594,-1.4832854270935059,0.0
KRW-ETH,2023-05-05,2536370.5,2023-05-07,2508745.0,-0.4595794677734375,-1.0891735553741455,0.0
KRW-TRX,2023-04-28,88.32233428955078,2023-05-07,92.85354614257812,2.0603599548339844,5.130314826965332,0.0
KRW-TRX,2023-05-10,94.36935424804688,2023-05-10,93.0534439086914,-0.6095390319824219,-1.3944268226623535,1.0
KRW-BTC,2023-05-21,36635216.0,2023-05-21,36032972.0,-0.7086296081542969,-1.6438961029052734,1.0
KRW-XRP,2023-05-17,615.079833984375,2023-05-22,617.6909790039062,0.15216827392578125,0.4245162010192871,0.0
KRW-ETH,2023-05-23,2460005.75,2023-05-24,2418790.0,-0.6977958679199219,-1.6754329204559326,0.0
KRW-TRX,2023-05-12,93.04561614990234,2023-05-26,101.9489974975586,3.8677825927734375,9.56883430480957,0.0
KRW-ETH,2023-05-26,2459629.75,2023-06-01,2483757.5,0.3841972351074219,0.9809494018554688,0.0
KRW-ETH,2023-06-02,2521428.25,2023-06-03,2505746.5,-0.27813720703125,-0.6219387054443359,0.0
KRW-ETH,2023-06-04,2523879.5,2023-06-04,2500749.0,-0.4197578430175781,-0.9164631366729736,1.0
KRW-XRP,2023-05-29,653.4615478515625,2023-06-05,677.6610107421875,1.5077133178710938,3.7032723426818848,0.0
KRW-XRP,2023-06-22,665.868408203125,2023-06-25,648.6754760742188,-1.0937118530273438,-2.582031488418579,0.0
KRW-XRP,2023-06-25,659.9028930664062,2023-06-25,648.6754760742188,-0.7285041809082031,-1.7013728618621826,1.0
KRW-ETH,2023-06-21,2385586.75,2023-06-26,2464767.0,1.3584136962890625,3.319108486175537,0.0
KRW-BTC,2023-06-19,34701584.0,2023-06-28,39999988.0,6.323772430419922,15.26848030090332,0.0
KRW-TRX,2023-06-21,94.31456756591797,2023-07-02,99.94999694824219,2.4620819091796875,5.975139141082764,0.0
KRW-BTC,2023-06-30,41147976.0,2023-07-04,40589696.0,-0.611724853515625,-1.3567626476287842,0.0
KRW-TRX,2023-07-03,102.510498046875,2023-07-04,100.94950103759766,-0.6865768432617188,-1.5227675437927246,0.0
KRW-ETH,2023-07-02,2586207.75,2023-07-05,2529734.5,-0.975067138671875,-2.183634042739868,0.0
KRW-XRP,2023-07-02,639.3829956054688,2023-07-05,631.6839599609375,-0.5474853515625,-1.2041330337524414,0.0
KRW-TRX,2023-07-06,102.99771118164062,2023-07-09,102.94849395751953,-0.0419464111328125,-0.047785043716430664,0.0
KRW-ETH,2023-07-16,2494759.5,2023-07-16,2474762.0,-0.3865318298339844,-0.8015811443328857,1.0
KRW-XRP,2023-07-16,941.275146484375,2023-07-22,954.5224609375,0.5818824768066406,1.4073848724365234,0.0
KRW-TRX,2023-07-21,105.65280151367188,2023-07-24,105.9469985961914,0.09762954711914062,0.2784609794616699,0.0
KRW-BTC,2023-08-06,38683308.0,2023-08-13,39098440.0,0.4392433166503906,1.073157787322998,0.0
KRW-ETH,2023-08-13,2476747.25,2023-08-13,2454772.0,-0.4249114990234375,-0.8872628211975098,1.0
KRW-BTC,2023-08-14,39284432.0,2023-08-16,38981500.0,-0.3525199890136719,-0.7711231708526611,0.0
KRW-TRX,2023-08-20,103.87773895263672,2023-08-28,102.94849395751953,-0.4046211242675781,-0.8945584297180176,0.0
KRW-BTC,2023-08-29,35718756.0,2023-08-31,35484248.0,-0.3019142150878906,-0.6565392017364502,0.0
KRW-ETH,2023-08-31,2340702.25,2023-08-31,2253872.5,-1.6247749328613281,-3.7095606327056885,1.0
KRW-TRX,2023-09-05,105.30262756347656,2023-09-11,104.94749450683594,-0.16359710693359375,-0.3372490406036377,0.0
KRW-ETH,2023-09-15,2219400.75,2023-09-17,2185906.5,-0.657928466796875,-1.509159803390503,0.0
KRW-BTC,2023-09-14,35954448.0,2023-09-21,35993992.0,0.025299072265625,0.10998249053955078,0.0
KRW-TRX,2023-09-20,114.05699920654297,2023-09-21,111.94400024414062,-0.7985420227050781,-1.852583885192871,0.0
KRW-TRX,2023-09-21,114.8573989868164,2023-09-21,111.94400024414062,-1.1014404296875,-2.5365352630615234,1.0
KRW-XRP,2023-09-18,672.2805786132812,2023-09-23,686.656494140625,0.8764991760253906,2.138376235961914,0.0
KRW-ETH,2023-09-28,2221224.75,2023-10-03,2245876.5,0.442596435546875,1.1098265647888184,0.0
KRW-BTC,2023-10-01,36838992.0,2023-10-05,37239372.0,0.4329948425292969,1.0868430137634277,0.0
KRW-XRP,2023-10-03,704.7318725585938,2023-10-05,708.6455078125,0.21209335327148438,0.5553364753723145,0.0
KRW-TRX,2023-09-23,113.18990325927734,2023-10-05,119.93999481201172,2.4696121215820312,5.9635162353515625,0.0
KRW-BTC,2023-10-05,37964360.0,2023-10-05,37239372.0,-0.8567466735839844,-1.9096553325653076,1.0
KRW-TRX,2023-10-07,120.94377136230469,2023-10-07,119.93999481201172,-0.3944816589355469,-0.8299529552459717,1.0
KRW-BTC,2023-10-06,37719224.0,2023-10-09,37576200.0,-0.1820526123046875,-0.379180908203125,0.0
KRW-TRX,2023-10-18,121.39399719238281,2023-10-22,120.93949890136719,-0.17938995361328125,-0.37440061569213867,0.0
KRW-XRP,2023-10-21,719.6504516601562,2023-10-28,740.6294555664062,1.2109947204589844,2.915167808532715,0.0
KRW-ETH,2023-10-20,2151794.0,2023-11-02,2445776.5,5.753410339355469,13.662206649780273,0.0
KRW-BTC,2023-10-16,37405952.0,2023-11-03,46652660.0,10.427116394042969,24.71988296508789,0.0
KRW-TRX,2023-10-23,122.66130065917969,2023-11-03,129.93499755859375,2.4734458923339844,5.929899215698242,0.0
KRW-BTC,2023-11-05,47454256.0,2023-11-05,47032472.0,-0.4785423278808594,-0.888824462890625,1.0
KRW-XRP,2023-10-31,813.348876953125,2023-11-09,897.5509643554688,4.4769744873046875,10.352516174316406,0.0
KRW-XRP,2023-11-09,934.26611328125,2023-11-09,897.5509643554688,-1.9371681213378906,-3.929835557937622,1.0
KRW-ETH,2023-11-04,2505015.75,2023-11-14,2671663.5,3.1949996948242188,6.652557849884033,0.0
KRW-BTC,2023-11-14,49631024.0,2023-11-14,47945016.0,-1.6946563720703125,-3.397083282470703,1.0
KRW-BTC,2023-11-19,49500920.0,2023-11-21,48485744.0,-1.0091361999511719,-2.0508229732513428,0.0
KRW-ETH,2023-11-24,2792132.5,2023-11-27,2736631.0,-0.9735984802246094,-1.987779140472412,0.0
KRW-XRP,2023-11-26,838.0308837890625,2023-11-27,814.5924682617188,-1.360137939453125,-2.796846628189087,0.0
KRW-TRX,2023-11-24,137.78028869628906,2023-11-27,136.93150329589844,-0.3182258605957031,-0.6160438060760498,0.0
KRW-BTC,2023-12-03,53326464.0,2023-12-10,59805080.0,5.698169708251953,12.148963928222656,0.0
KRW-ETH,2023-12-02,2841023.75,2023-12-11,3071463.5,3.7965049743652344,8.111154556274414,0.0
KRW-XRP,2023-12-03,834.5859375,2023-12-11,853.572998046875,1.0478973388671875,2.2750258445739746,0.0
KRW-TRX,2023-12-09,148.03207397460938,2023-12-11,142.92849731445312,-1.6472625732421875,-3.4476161003112793,0.0
KRW-TRX,2023-12-15,145.1868438720703,2023-12-15,140.9294891357422,-1.4948081970214844,-2.93232798576355,1.0
KRW-BTC,2023-12-20,58836288.0,2023-12-24,57972996.0,-0.7422828674316406,-1.467275619506836,0.0
KRW-XRP,2023-12-22,855.2284545898438,2023-12-24,824.5874633789062,-1.7772140502929688,-3.5827815532684326,0.0
KRW-TRX,2023-12-23,144.1672821044922,2023-12-25,141.9290008544922,-0.7840042114257812,-1.5525579452514648,0.0
KRW-TRX,2023-12-25,144.67230224609375,2023-12-25,141.9290008544922,-0.95977783203125,-1.896214485168457,1.0
KRW-XRP,2023-12-25,840.2542114257812,2023-12-26,832.58349609375,-0.4606475830078125,-0.9129047393798828,0.0
KRW-XRP,2023-12-28,861.1397705078125,2023-12-29,835.5819702148438,-1.4400672912597656,-2.9679059982299805,0.0
KRW-XRP,2023-12-30,845.1224975585938,2023-12-30,834.5824584960938,-0.6379356384277344,-1.247161626815796,1.0
KRW-TRX,2023-12-31,143.521728515625,2024-01-05,140.9294891357422,-0.8759765625,-1.8061637878417969,0.0
KRW-BTC,2024-01-02,59765492.0,2024-01-07,59078444.0,-0.5661201477050781,-1.1495709419250488,0.0
KRW-ETH,2024-01-12,3705881.25,2024-01-14,3394302.0,-3.9599151611328125,-8.407693862915039,0.0
KRW-ETH,2024-01-16,3506343.0,2024-01-17,3481258.5,-0.35076141357421875,-0.715404748916626,0.0
KRW-TRX,2024-01-25,152.5428924560547,2024-01-30,153.8230438232422,0.3609046936035156,0.8392095565795898,0.0
KRW-ETH,2024-02-03,3199956.0,2024-02-03,3162418.0,-0.5833168029785156,-1.173079013824463,1.0
KRW-BTC,2024-01-31,59681712.0,2024-02-04,58781592.0,-0.7139244079589844,-1.5082001686096191,0.0
KRW-XRP,2024-02-08,706.3456420898438,2024-02-21,766.81640625,3.8713912963867188,8.561075210571289,0.0
KRW-BTC,2024-02-08,61331488.0,2024-02-22,71565200.0,7.567100524902344,16.685903549194336,0.0
KRW-ETH,2024-02-09,3349266.5,2024-02-23,4073962.0,9.819389343261719,21.637439727783203,0.0
KRW-TRX,2024-02-04,163.2110137939453,2024-02-24,189.6051483154297,7.333248138427734,16.171789169311523,0.0
KRW-XRP,2024-02-27,770.3602905273438,2024-03-05,846.7763671875,5.191806793212891,9.919524192810059,0.0
KRW-XRP,2024-03-05,943.6856689453125,2024-03-05,846.7763671875,-5.722278594970703,-10.26923656463623,1.0
KRW-ETH,2024-02-27,4471186.5,2024-03-14,5577210.0,12.98630142211914,24.736690521240234,0.0
KRW-BTC,2024-02-27,77017368.0,2024-03-15,100949496.0,16.319854736328125,31.07367706298828,0.0
KRW-XRP,2024-03-14,1005.9301147460938,2024-03-15,920.5394897460938,-4.844444274902344,-8.488720893859863,0.0
KRW-XRP,2024-03-21,935.896240234375,2024-03-22,898.4505615234375,-2.3720932006835938,-4.00105094909668,0.0
KRW-XRP,2024-03-24,916.2507934570312,2024-03-26,903.2481689453125,-0.8514404296875,-1.4191091060638428,0.0
KRW-BTC,2024-03-25,98377616.0,2024-04-01,100049944.0,0.9561805725097656,1.6999125480651855,0.0
KRW-TRX,2024-04-02,174.7807159423828,2024-04-02,171.21435546875,-1.2408065795898438,-2.040475606918335,1.0
KRW-TRX,2024-04-04,173.78236389160156,2024-04-04,173.31329345703125,-0.21332931518554688,-0.26991963386535645,1.0
KRW-TRX,2024-04-10,175.78219604492188,2024-04-10,170.01495361328125,-1.9475555419921875,-3.2809019088745117,1.0
KRW-TRX,2024-04-12,175.07627868652344,2024-04-12,170.714599609375,-1.4801177978515625,-2.4913012981414795,1.0
KRW-TRX,2024-04-13,176.28213500976562,2024-04-13,166.61663818359375,-3.1682281494140625,-5.482971668243408,1.0
KRW-TRX,2024-04-28,174.6497344970703,2024-04-29,170.11489868164062,-1.4809112548828125,-2.5965332984924316,0.0
KRW-TRX,2024-05-01,173.58023071289062,2024-05-01,172.1138916015625,-0.5251350402832031,-0.8447587490081787,1.0
KRW-XRP,2024-05-06,754.511474609375,2024-05-07,737.5310668945312,-1.2756080627441406,-2.250516414642334,0.0
KRW-TRX,2024-05-08,171.8514404296875,2024-05-13,175.51220703125,1.146636962890625,2.1301984786987305,0.0
KRW-BTC,2024-05-15,87875808.0,2024-05-23,94852544.0,4.370822906494141,7.939314842224121,0.0
KRW-XRP,2024-05-20,720.1630859375,2024-05-26,735.9318237304688,1.1853675842285156,2.18961238861084,0.0
KRW-XRP,2024-05-27,744.3042602539062,2024-05-27,738.5305786132812,-0.5012550354003906,-0.7757127285003662,1.0
KRW-ETH,2024-05-17,4179249.5,2024-05-29,5231383.0,13.919822692871094,25.17517852783203,0.0
KRW-ETH,2024-06-05,5317818.0,2024-06-06,5293352.0,-0.3066749572753906,-0.46007633209228516,0.0
KRW-BTC,2024-06-06,99393464.0,2024-06-09,97934008.0,-0.9111557006835938,-1.468360424041748,0.0
KRW-BTC,2024-06-12,97492328.0,2024-06-12,95886032.0,-1.0432777404785156,-1.6476154327392578,1.0
KRW-TRX,2024-06-05,159.5721435546875,2024-06-15,163.51820373535156,1.456634521484375,2.4729013442993164,0.0
KRW-ETH,2024-06-16,5145601.0,2024-06-17,4943527.0,-2.382183074951172,-3.927123546600342,0.0
KRW-TRX,2024-06-16,165.41111755371094,2024-06-17,164.3177947998047,-0.42586517333984375,-0.6609737873077393,0.0
KRW-TRX,2024-06-19,165.1580047607422,2024-06-19,163.21835327148438,-0.7542572021484375,-1.1744201183319092,1.0
KRW-ETH,2024-07-01,4900171.5,2024-07-03,4669664.0,-2.8045387268066406,-4.704070091247559,0.0
KRW-XRP,2024-07-01,674.1702270507812,2024-07-03,661.9688110351562,-1.0971717834472656,-1.8098413944244385,0.0
KRW-TRX,2024-06-20,165.02413940429688,2024-07-07,177.2113494873047,4.327110290527344,7.385110855102539,0.0
KRW-BTC,2024-07-11,83371576.0,2024-07-11,81029464.0,-1.7187156677246094,-2.809244394302368,1.0
KRW-TRX,2024-07-10,186.27767944335938,2024-07-16,187.00645446777344,0.201568603515625,0.391232967376709,0.0
KRW-ETH,2024-07-11,4480552.5,2024-07-22,4805596.0,4.256145477294922,7.254540920257568,0.0
KRW-BTC,2024-07-18,90680472.0,2024-07-23,92183880.0,0.9415969848632812,1.6579151153564453,0.0
KRW-XRP,2024-07-16,766.04931640625,2024-07-25,841.6788940429688,5.752250671386719,9.872674942016602,0.0
KRW-BTC,2024-07-27,96099776.0,2024-07-29,93571192.0,-1.6463508605957031,-2.6312053203582764,0.0
KRW-XRP,2024-07-31,916.083251953125,2024-08-01,836.88134765625,-5.302986145019531,-8.645707130432129,0.0
KRW-XRP,2024-08-23,819.5067138671875,2024-08-25,804.8973388671875,-1.0932540893554688,-1.7827033996582031,0.0
KRW-BTC,2024-08-21,82477344.0,2024-08-26,84365792.0,1.3359756469726562,2.2896528244018555,0.0
KRW-TRX,2024-08-13,180.06239318847656,2024-08-31,214.49270629882812,11.376354217529297,19.12132453918457,0.0
KRW-BTC,2024-09-13,79123800.0,2024-09-16,78429760.0,-0.5797805786132812,-0.877159833908081,0.0
KRW-XRP,2024-09-14,782.133544921875,2024-09-19,782.1087036132812,-0.033267974853515625,-0.0031769275665283203,0.0
KRW-BTC,2024-09-20,85218408.0,2024-09-25,84319816.0,-0.68878173828125,-1.054459810256958,0.0
KRW-ETH,2024-09-20,3371740.25,2024-09-25,3447275.5,1.365875244140625,2.2402405738830566,0.0
KRW-XRP,2024-09-28,788.212646484375,2024-10-01,799.5999755859375,0.8718948364257812,1.444697380065918,0.0
KRW-TRX,2024-09-29,205.8065948486328,2024-10-05,207.5961456298828,0.5123214721679688,0.8695244789123535,0.0
KRW-TRX,2024-10-06,209.64805603027344,2024-10-06,207.49620056152344,-0.7079582214355469,-1.0264158248901367,1.0
KRW-TRX,2024-10-08,212.48719787597656,2024-10-14,215.89199829101562,0.9728317260742188,1.6023516654968262,0.0
KRW-BTC,2024-10-14,85552824.0,2024-10-21,92114920.0,4.793434143066406,7.670223712921143,0.0
KRW-ETH,2024-10-14,3360498.25,2024-10-22,3610194.0,4.642528533935547,7.430315017700195,0.0
KRW-XRP,2024-10-14,728.21044921875,2024-10-22,734.8323974609375,0.5405464172363281,0.9093403816223145,0.0
KRW-BTC,2024-10-29,99059832.0,2024-11-01,97236352.0,-1.2360687255859375,-1.8407881259918213,0.0
KRW-BTC,2024-11-01,99389312.0,2024-11-01,97236352.0,-1.4719352722167969,-2.1661877632141113,1.0
KRW-TRX,2024-10-24,223.18296813964844,2024-11-02,231.8839874267578,2.5159072875976562,3.898608684539795,0.0
KRW-ETH,2024-11-07,3965835.25,2024-11-14,4328834.5,5.9450836181640625,9.15316390991211,0.0
KRW-TRX,2024-11-11,231.01258850097656,2024-11-20,274.86248779296875,12.363853454589844,18.981611251831055,0.0
KRW-BTC,2024-11-08,105707104.0,2024-11-25,129726104.0,14.806777954101562,22.72222137451172,0.0
KRW-ETH,2024-11-23,4822259.5,2024-11-26,4651673.0,-2.6698532104492188,-3.5374820232391357,0.0
KRW-XRP,2024-11-10,784.1748046875,2024-11-26,1955.02197265625,97.47846221923828,149.30946350097656,0.0
KRW-BTC,2024-12-01,134514736.0,2024-12-02,133468232.0,-0.8049545288085938,-0.7779836654663086,0.0
KRW-BTC,2024-12-02,135069152.0,2024-12-02,133468232.0,-1.2440643310546875,-1.1852622032165527,1.0
KRW-ETH,2024-11-30,5038519.0,2024-12-03,5048474.5,0.1434478759765625,0.19758939743041992,0.0
KRW-XRP,2024-11-30,2701.086181640625,2024-12-05,3185.406494140625,17.382614135742188,17.930580139160156,0.0
KRW-BTC,2024-12-08,140999056.0,2024-12-09,138794560.0,-1.6303634643554688,-1.563483476638794,0.0
KRW-TRX,2024-12-16,419.8582458496094,2024-12-17,409.79498291015625,-2.4621353149414062,-2.396821975708008,0.0
KRW-BTC,2024-12-11,141171472.0,2024-12-18,147680112.0,4.588897705078125,4.61045503616333,0.0
KRW-BTC,2024-12-19,150515136.0,2024-12-19,147400256.0,-2.1940841674804688,-2.06947922706604,1.0
KRW-TRX,2024-12-29,394.14935302734375,2024-12-29,384.8074951171875,-2.4846038818359375,-2.370131015777588,1.0
KRW-ETH,2024-12-31,5117822.0,2024-12-31,4975511.0,-2.8796768188476562,-2.780693769454956,1.0
KRW-TRX,2025-01-02,387.04266357421875,2025-01-05,387.8059997558594,0.146087646484375,0.1972198486328125,0.0
KRW-BTC,2025-01-03,145750816.0,2025-01-07,144716592.0,-0.7538528442382812,-0.7095813751220703,0.0
KRW-ETH,2025-01-02,5071871.5,2025-01-07,5056470.5,-0.35100555419921875,-0.30365586280822754,0.0
KRW-XRP,2025-01-04,3681.231201171875,2025-01-07,3391.303466796875,-7.8658294677734375,-7.87583589553833,0.0
KRW-TRX,2025-01-06,393.253662109375,2025-01-07,376.8114929199219,-4.203117370605469,-4.181056976318359,0.0
KRW-ETH,2025-01-17,4980267.0,2025-01-19,4889554.0,-1.795257568359375,-1.821446418762207,0.0
KRW-XRP,2025-01-10,3526.668212890625,2025-01-19,4507.7451171875,26.637733459472656,27.818798065185547,0.0
KRW-ETH,2025-01-19,5038072.5,2025-01-19,4889554.0,-3.11224365234375,-2.947920560836792,1.0
KRW-ETH,2025-01-20,5068719.5,2025-01-20,4920538.5,-3.0637359619140625,-2.923440933227539,1.0
KRW-BTC,2025-01-19,158102608.0,2025-01-23,155034448.0,-2.0171127319335938,-1.9406139850616455,0.0
KRW-BTC,2025-01-23,156868752.0,2025-01-23,155034448.0,-1.27001953125,-1.1693239212036133,1.0
KRW-BTC,2025-01-26,157879344.0,2025-01-26,156021952.0,-1.2731170654296875,-1.176464557647705,1.0
KRW-ETH,2025-01-31,5011263.5,2025-02-02,4538729.5,-9.423851013183594,-9.429436683654785,0.0
KRW-TRX,2025-01-31,388.7764892578125,2025-02-02,354.8224792480469,-8.732048034667969,-8.733552932739258,0.0
KRW-ETH,2025-02-17,4079756.75,2025-02-18,4015991.0,-1.5300064086914062,-1.5629768371582031,0.0
KRW-TRX,2025-02-16,365.47491455078125,2025-02-21,352.823486328125,-3.3309478759765625,-3.4616410732269287,0.0
KRW-TRX,2025-03-04,361.2659912109375,2025-03-06,357.82098388671875,-0.9395523071289062,-0.9535908699035645,0.0
KRW-TRX,2025-03-06,367.0042724609375,2025-03-06,357.82098388671875,-2.4297714233398438,-2.5022268295288086,1.0
KRW-ETH,2025-03-06,3446980.0,2025-03-06,3276361.0,-4.6537933349609375,-4.9498138427734375,1.0
KRW-BTC,2025-03-06,138074080.0,2025-03-07,129457232.0,-5.873680114746094,-6.240743637084961,0.0
KRW-XRP,2025-03-06,3813.8193359375,2025-03-07,3557.220458984375,-6.328765869140625,-6.7281365394592285,0.0
KRW-TRX,2025-03-07,363.0036315917969,2025-03-09,347.82598876953125,-3.7458343505859375,-4.18112850189209,0.0
KRW-XRP,2025-03-14,3443.625244140625,2025-03-18,3346.325927734375,-2.5184707641601562,-2.8254926204681396,0.0
KRW-TRX,2025-03-20,347.82025146484375,2025-03-23,338.83050537109375,-2.2906341552734375,-2.584594488143921,0.0
KRW-ETH,2025-03-22,2959605.5,2025-03-26,2970514.0,0.2769622802734375,0.36858320236206055,0.0
KRW-XRP,2025-03-24,3636.20849609375,2025-03-26,3479.259521484375,-3.7622756958007812,-4.316282272338867,0.0
KRW-BTC,2025-03-23,124664704.0,2025-03-28,125737096.0,0.6981048583984375,0.8602261543273926,0.0
KRW-TRX,2025-03-27,346.248046875,2025-04-02,348.82550048828125,0.5918502807617188,0.7443904876708984,0.0
KRW-BTC,2025-04-02,129027552.0,2025-04-02,122736600.0,-4.267646789550781,-4.875665664672852,1.0
KRW-BTC,2025-04-14,123050168.0,2025-04-16,121789072.0,-0.91046142578125,-1.0248661041259766,0.0
KRW-XRP,2025-04-11,2989.38525390625,2025-04-16,3017.490478515625,0.7539825439453125,0.9401679039001465,0.0
KRW-TRX,2025-04-13,366.27423095703125,2025-04-16,358.82049560546875,-1.7660980224609375,-2.035015821456909,0.0
KRW-BTC,2025-04-22,128425512.0,2025-04-27,135082416.0,4.3219146728515625,5.183470249176025,0.0
KRW-TRX,2025-04-29,361.1257629394531,2025-04-29,351.8240051269531,-2.29095458984375,-2.5757670402526855,1.0
KRW-ETH,2025-04-25,2597206.25,2025-04-30,2588705.0,-0.3177032470703125,-0.32732486724853516,0.0
KRW-TRX,2025-05-01,359.4034118652344,2025-05-01,352.823486328125,-1.6334762573242188,-1.8307924270629883,1.0
KRW-TRX,2025-05-02,355.5669860839844,2025-05-03,351.8240051269531,-0.9283676147460938,-1.0526776313781738,0.0
KRW-ETH,2025-05-09,3449370.75,2025-05-15,3585206.5,3.26385498046875,3.937983512878418,0.0
KRW-XRP,2025-05-09,3391.220947265625,2025-05-15,3361.318359375,-0.7822189331054688,-0.8817672729492188,0.0
KRW-TRX,2025-05-09,365.2908935546875,2025-05-18,378.81048583984375,3.0649566650390625,3.701043128967285,0.0
KRW-BTC,2025-05-08,138933232.0,2025-05-23,149803056.0,6.5258941650390625,7.823777198791504,0.0
KRW-XRP,2025-05-23,3423.68603515625,2025-05-23,3209.39453125,-5.5274505615234375,-6.259089469909668,1.0
KRW-BTC,2025-05-24,152574736.0,2025-05-24,150584672.0,-1.2013320922851562,-1.3043224811553955,1.0
KRW-BTC,2025-05-25,152206816.0,2025-05-27,151247344.0,-0.5799789428710938,-0.6303727626800537,0.0
KRW-BTC,2025-05-27,153064576.0,2025-05-27,151247344.0,-1.0946502685546875,-1.1872351169586182,1.0
KRW-ETH,2025-05-27,3619727.25,2025-05-30,3582208.0,-0.9199676513671875,-1.0365188121795654,0.0
KRW-TRX,2025-05-25,382.4193115234375,2025-05-30,377.8110046386719,-1.06982421875,-1.2050390243530273,0.0
KRW-TRX,2025-06-01,381.3691711425781,2025-06-02,376.8114929199219,-1.0495376586914062,-1.195085048675537,0.0
KRW-ETH,2025-06-02,3652800.5,2025-06-05,3371313.5,-6.5167236328125,-7.706058025360107,0.0
KRW-TRX,2025-06-04,380.83477783203125,2025-06-11,384.8074951171875,0.8344345092773438,1.0431647300720215,0.0
KRW-ETH,2025-06-10,3753155.0,2025-06-12,3640179.0,-2.5043563842773438,-3.010159730911255,0.0
KRW-XRP,2025-06-11,3192.130859375,2025-06-12,3018.489990234375,-4.547027587890625,-5.439651012420654,0.0
KRW-BTC,2025-06-25,147067984.0,2025-06-30,145686128.0,-0.7996063232421875,-0.9396016597747803,0.0
KRW-ETH,2025-06-26,3373732.75,2025-07-01,3301348.5,-1.7739791870117188,-2.1455228328704834,0.0
KRW-BTC,2025-07-03,149747792.0,2025-07-07,148025952.0,-0.9535598754882812,-1.149827241897583,0.0
KRW-BTC,2025-07-13,161145360.0,2025-07-18,161019440.0,-0.1005859375,-0.07814168930053711,0.0
KRW-TRX,2025-06-28,378.6844787597656,2025-07-21,428.7854919433594,10.649490356445312,13.230276107788086,0.0
KRW-ETH,2025-07-02,3376760.25,2025-07-23,4948524.5,36.95213317871094,46.5465202331543,0.0
KRW-XRP,2025-06-28,3007.695068359375,2025-07-23,4341.828125,35.79978942871094,44.357322692871094,0.0
KRW-BTC,2025-07-27,162110288.0,2025-07-31,161317296.0,-0.5427093505859375,-0.4891693592071533,0.0
KRW-TRX,2025-07-29,453.6066589355469,2025-08-01,449.7749938964844,-0.90057373046875,-0.8447110652923584,0.0
KRW-TRX,2025-08-02,458.0551452636719,2025-08-02,448.7754821777344,-2.1316299438476562,-2.0258843898773193,1.0
KRW-TRX,2025-08-03,457.9176940917969,2025-08-08,462.76849365234375,1.0066070556640625,1.0593175888061523,0.0
KRW-XRP,2025-08-07,4228.91796875,2025-08-11,4331.8330078125,2.3772354125976562,2.433598041534424,0.0
KRW-BTC,2025-08-11,165690256.0,2025-08-15,164039936.0,-1.054718017578125,-0.9960293769836426,0.0
KRW-ETH,2025-08-06,5134978.0,2025-08-16,6142927.0,19.52703094482422,19.629085540771484,0.0
KRW-TRX,2025-08-13,486.6006164550781,2025-08-16,482.75848388671875,-0.8465652465820312,-0.7895886898040771,0.0
KRW-TRX,2025-08-17,493.23065185546875,2025-08-18,486.7565002441406,-1.4296493530273438,-1.3126015663146973,0.0
KRW-ETH,2025-08-24,6690140.5,2025-08-25,6193901.5,-7.807167053222656,-7.4174699783325195,0.0
KRW-XRP,2025-08-24,4272.638671875,2025-08-25,4043.976806640625,-5.647514343261719,-5.351769924163818,0.0
KRW-TRX,2025-08-22,500.099609375,2025-08-25,482.75848388671875,-3.6775588989257812,-3.467535972595215,0.0
KRW-ETH,2025-09-09,6074425.0,2025-09-09,5998999.0,-1.3448638916015625,-1.2416958808898926,1.0
KRW-XRP,2025-09-07,3957.021240234375,2025-09-14,4206.8955078125,6.2791290283203125,6.314706802368164,0.0
KRW-TRX,2025-09-10,472.9510803222656,2025-09-15,480.7594909667969,1.5974960327148438,1.6510009765625,0.0
KRW-ETH,2025-09-15,6472096.0,2025-09-15,6300848.0,-2.815277099609375,-2.6459455490112305,1.0
KRW-TRX,2025-09-15,487.7070617675781,2025-09-15,480.7594909667969,-1.54876708984375,-1.4245390892028809,1.0
KRW-BTC,2025-09-10,157188528.0,2025-09-21,161331296.0,2.5799026489257812,2.6355385780334473,0.0
KRW-TRX,2025-09-22,484.9742431640625,2025-09-23,479.7599792480469,-1.1407012939453125,-1.0751605033874512,0.0
KRW-ETH,2025-09-29,6012938.0,2025-10-07,6428784.0,6.940071105957031,6.915855407714844,0.0
KRW-XRP,2025-09-29,4162.0810546875,2025-10-07,4130.93359375,-0.8070144653320312,-0.7483601570129395,0.0
KRW-BTC,2025-09-29,162367824.0,2025-10-10,172170864.0,6.052268981933594,6.037545204162598,0.0
KRW-TRX,2025-10-03,488.0272216796875,2025-10-11,484.7574768066406,-0.7278060913085938,-0.6699919700622559,0.0
KRW-XRP,2025-10-20,3712.32763671875,2025-10-22,3581.20849609375,-3.7214431762695312,-3.5319924354553223,0.0
KRW-ETH,2025-10-26,5929062.5,2025-10-28,5937030.0,0.0868377685546875,0.1343846321105957,0.0
KRW-BTC,2025-10-26,167434848.0,2025-10-29,164534672.0,-1.834716796875,-1.7321228981018066,0.0
KRW-XRP,2025-10-25,3818.294189453125,2025-10-29,3812.093017578125,-0.2187042236328125,-0.16240477561950684,0.0
KRW-XRP,2025-10-29,3942.6953125,2025-10-29,3812.093017578125,-3.49517822265625,-3.3125102519989014,1.0
KRW-BTC,2025-11-10,158020848.0,2025-11-12,153223344.0,-3.1337661743164062,-3.035992383956909,0.0
KRW-XRP,2025-11-10,3620.84716796875,2025-11-13,3525.236328125,-2.7322235107421875,-2.6405632495880127,0.0
KRW-TRX,2025-11-10,434.51715087890625,2025-11-16,434.7825012207031,0.01120758056640625,0.061070919036865234,0.0
KRW-XRP,2025-11-24,3243.74267578125,2025-11-28,3265.366455078125,0.6168975830078125,0.6666302680969238,0.0
KRW-XRP,2025-11-28,3344.683349609375,2025-11-28,3265.366455078125,-2.476165771484375,-2.3714303970336914,1.0
KRW-ETH,2025-11-28,4596282.0,2025-11-29,4475761.0,-2.6441497802734375,-2.6221394538879395,0.0
KRW-BTC,2025-11-28,138906608.0,2025-12-01,129107408.0,-7.1179351806640625,-7.054525375366211,0.0
KRW-TRX,2025-11-28,423.1543273925781,2025-12-01,413.7929992675781,-2.2665557861328125,-2.2122740745544434,0.0
KRW-ETH,2025-12-03,4662255.5,2025-12-07,4579709.0,-1.757354736328125,-1.7705261707305908,0.0
KRW-ETH,2025-12-07,4595542.5,2025-12-07,4579709.0,-0.42718505859375,-0.34453868865966797,1.0
KRW-TRX,2025-12-15,421.2962646484375,2025-12-24,412.7934875488281,-1.9849319458007812,-2.0182430744171143,0.0
KRW-BTC,2026-01-02,129514672.0,,,0.0,0.0,0.0
KRW-ETH,2026-01-05,4573486.0,,,0.0,0.0,0.0
KRW-XRP,2026-01-05,3066.653076171875,,,0.0,0.0,0.0
KRW-TRX,2026-01-05,426.56317138671875,,,0.0,0.0,0.0
